customer_id,recency_days,total_orders,total_sales,recency_score,frequency_score,monetary_score,rfm_score,churned,churn_probability,risk_level
MH-18025,1159,5,2984.948,1,2,4,7,1,1.0,High Risk
MN-17935,1156,6,2477.946,1,3,3,7,1,1.0,High Risk
BF-11170,1155,11,5907.972,1,5,5,11,1,1.0,High Risk
PV-18985,1155,5,2876.046,1,2,4,7,1,1.0,High Risk
AC-10420,1155,3,925.8,1,1,1,3,1,1.0,High Risk
EM-14140,1148,6,4588.436,1,3,5,9,1,1.0,High Risk
CA-12310,1148,4,1421.954,1,1,2,4,1,1.0,High Risk
AB-10255,1145,9,914.532,1,5,1,7,1,1.0,High Risk
JL-15850,1145,6,2725.256,1,3,3,7,1,1.0,High Risk
LF-17185,1141,7,3930.509,1,3,4,8,1,1.0,High Risk
VD-21670,1132,6,6442.254,1,3,5,9,1,1.0,High Risk
RS-19420,1131,5,3221.29,1,2,4,7,1,1.0,High Risk
SP-20650,1131,9,1872.436,1,5,3,9,1,1.0,High Risk
RF-19735,1130,7,2341.296,1,4,3,8,1,1.0,High Risk
VG-21790,1128,6,846.01,1,3,1,5,1,1.0,High Risk
ED-13885,1127,8,3484.92,1,4,4,9,1,1.0,High Risk
RD-19720,1127,10,1419.737,1,5,2,8,1,1.0,High Risk
MG-17650,1127,7,3785.276,1,4,4,9,1,1.0,High Risk
KL-16645,1125,12,14175.229,1,5,5,11,1,0.995,High Risk
LL-16840,1124,6,2741.204,1,3,3,7,1,1.0,High Risk
KH-16510,1121,7,5952.859,1,4,5,10,1,1.0,High Risk
NC-18535,1116,7,8241.739,1,4,5,10,1,1.0,High Risk
RB-19645,1112,5,221.084,1,2,1,4,1,1.0,High Risk
JP-15460,1112,7,1669.135,1,4,2,7,1,1.0,High Risk
JM-15265,1111,5,1804.146,1,2,3,6,1,1.0,High Risk
FM-14290,1110,9,3736.198,1,5,4,10,1,1.0,High Risk
ZD-21925,1109,5,1493.944,1,2,2,5,1,1.0,High Risk
HH-15010,1107,2,218.668,1,1,1,3,1,1.0,High Risk
RA-19945,1107,5,1686.9225,1,2,2,5,1,1.0,High Risk
SJ-20500,1105,5,1318.776,1,2,2,5,1,1.0,High Risk
JL-15130,1104,6,1214.956,1,3,2,6,1,1.0,High Risk
LT-16765,1104,3,329.876,1,1,1,3,1,1.0,High Risk
CL-12565,1103,12,10880.546,1,5,5,11,1,1.0,High Risk
KD-16345,1103,6,1888.964,1,3,3,7,1,1.0,High Risk
MR-17545,1102,4,639.178,1,1,1,3,1,1.0,High Risk
PR-18880,1100,5,1840.178,1,2,3,6,1,1.0,High Risk
NP-18700,1100,7,7903.1825,1,3,5,9,1,1.0,High Risk
VP-21760,1099,7,3360.526,1,3,4,8,1,1.0,High Risk
SS-20410,1098,6,3056.807,1,3,4,8,1,1.0,High Risk
RB-19465,1098,12,4715.466,1,5,5,11,1,0.995,High Risk
DK-13375,1098,8,3318.486,1,4,4,9,1,1.0,High Risk
SZ-20035,1098,11,3625.329,1,5,4,10,1,1.0,High Risk
TB-21400,1098,7,9133.99,1,4,5,10,1,1.0,High Risk
TS-21340,1097,5,974.782,1,3,2,6,1,0.995,High Risk
KT-16465,1097,7,3057.1,1,4,4,9,1,1.0,High Risk
KC-16255,1097,6,2120.954,1,3,3,7,1,1.0,High Risk
TT-21070,1097,7,4915.602,1,4,5,10,1,1.0,High Risk
PP-18955,1097,10,7252.608,1,5,5,11,1,1.0,High Risk
MC-17275,1097,8,2725.982,1,4,3,8,1,1.0,High Risk
DP-13390,1097,9,5480.724,1,5,5,11,1,1.0,High Risk
LH-17020,1097,4,318.239,1,1,1,3,1,1.0,High Risk
BM-11140,1097,4,11789.63,1,2,5,8,1,0.99,High Risk
GZ-14470,1097,9,4355.15,1,5,5,11,1,0.995,High Risk
RR-19525,1096,6,3302.262,1,3,4,8,1,1.0,High Risk
NF-18595,1096,7,2031.472,1,4,3,8,1,1.0,High Risk
DL-12925,1096,6,3272.2,1,3,4,8,1,1.0,High Risk
CC-12220,1096,12,3913.418,1,5,4,10,1,1.0,High Risk
MS-17365,1096,10,7443.69,1,5,5,11,1,1.0,High Risk
SF-20065,1095,7,763.546,1,3,1,5,1,1.0,High Risk
LW-17125,1094,3,1259.04,1,1,2,4,1,1.0,High Risk
BN-11470,1093,4,265.296,1,1,1,3,1,1.0,High Risk
AF-10885,1093,4,861.565,1,1,1,3,1,1.0,High Risk
RP-19390,1092,12,5153.084,1,5,5,11,1,0.995,High Risk
LH-16900,1092,9,2295.332,1,5,3,9,1,1.0,High Risk
EA-14035,1092,13,2846.705,1,5,4,10,1,1.0,High Risk
CA-12775,1091,7,3041.566,1,4,4,9,1,1.0,High Risk
AJ-10960,1091,3,629.248,1,1,1,3,1,1.0,High Risk
JC-15775,1091,9,2772.055,1,5,4,10,1,1.0,High Risk
SC-20260,1091,8,3729.793,1,4,4,9,1,1.0,High Risk
MF-18250,1090,5,1758.3,1,2,3,6,1,1.0,High Risk
AA-10315,1090,5,5563.56,1,2,5,8,1,1.0,High Risk
RF-19345,1089,8,3309.15,1,4,4,9,1,1.0,High Risk
BN-11515,1088,5,1459.344,1,2,2,5,1,1.0,High Risk
AG-10765,1088,4,170.584,1,1,1,3,1,1.0,High Risk
NR-18550,1088,5,2367.277,1,2,3,6,1,1.0,High Risk
MC-18130,1086,5,1581.998,1,2,2,5,1,1.0,High Risk
JL-15835,1086,11,9799.923,1,5,5,11,1,1.0,High Risk
ND-18460,1086,6,2893.455,1,3,4,8,1,1.0,High Risk
BS-11365,1086,5,10501.653,1,2,5,8,1,1.0,High Risk
MW-18220,1085,7,5341.9,1,3,5,9,1,1.0,High Risk
DN-13690,1085,7,2139.79,1,4,3,8,1,1.0,High Risk
MA-17995,1085,6,2453.284,1,3,3,7,1,1.0,High Risk
ES-14020,1085,5,3510.458,1,2,4,7,1,1.0,High Risk
LH-16750,1084,3,287.426,1,1,1,3,1,1.0,High Risk
MA-17560,1084,11,4299.161,1,5,5,11,1,0.995,High Risk
JG-15115,1084,3,2358.676,1,1,3,5,1,1.0,High Risk
AS-10090,1083,9,3255.31,1,5,4,10,1,1.0,High Risk
VG-21805,1083,5,427.372,1,2,1,4,1,1.0,High Risk
ST-20530,1082,7,433.34,1,3,1,5,1,1.0,High Risk
TH-21115,1082,4,2942.772,1,2,4,7,1,1.0,High Risk
SC-20095,1082,9,14142.334,1,5,5,11,1,0.995,High Risk
JK-15640,1082,9,4760.434,1,5,5,11,1,1.0,High Risk
JP-16135,1082,9,1707.71,1,5,2,8,1,1.0,High Risk
TT-21220,1082,8,1427.044,1,4,2,7,1,1.0,High Risk
JD-16060,1081,3,695.442,1,1,1,3,1,1.0,High Risk
MT-18070,1080,4,1319.4498,1,1,2,4,1,1.0,High Risk
BF-11005,1080,4,1333.88,1,1,2,4,1,1.0,High Risk
CM-12715,1079,4,3984.4524,1,2,4,7,1,1.0,High Risk
KF-16285,1079,7,10604.266,1,4,5,10,1,1.0,High Risk
NB-18580,1079,2,273.872,1,1,1,3,1,1.0,High Risk
DA-13450,1079,4,156.76,1,1,1,3,1,1.0,High Risk
TS-21205,1078,7,5371.09,1,4,5,10,1,1.0,High Risk
TH-21100,1078,5,2422.824,1,2,3,6,1,1.0,High Risk
XP-21865,1077,11,2374.658,1,5,3,9,1,1.0,High Risk
GZ-14545,1077,4,2454.622,1,2,3,6,1,1.0,High Risk
LD-17005,1076,4,1961.934,1,2,3,6,1,1.0,High Risk
SM-20950,1076,12,5563.392,1,5,5,11,1,0.995,High Risk
EB-14170,1076,6,1186.326,1,3,2,6,1,1.0,High Risk
MH-17785,1075,7,2203.778,1,4,3,8,1,1.0,High Risk
DB-13615,1075,7,1989.05,1,3,3,7,1,1.0,High Risk
BW-11200,1075,6,1738.406,1,3,2,6,1,1.0,High Risk
RA-19915,1075,9,4793.543,1,5,5,11,1,1.0,High Risk
KW-16570,1075,4,449.096,1,1,1,3,1,1.0,High Risk
MS-17530,1040,4,475.656,1,1,1,3,1,1.0,High Risk
RB-19330,1027,2,1008.196,1,1,2,4,1,1.0,High Risk
GR-14560,1023,2,1284.38,1,1,2,4,1,1.0,High Risk
DP-13165,1012,2,1058.616,1,1,2,4,1,1.0,High Risk
NG-18430,1011,5,1395.938,1,2,2,5,1,1.0,High Risk
JB-15925,1009,3,900.552,1,1,1,3,1,1.0,High Risk
DK-13150,1009,2,797.832,1,1,1,3,1,0.995,High Risk
TB-21250,1006,7,1602.376,1,4,2,7,1,1.0,High Risk
SH-20635,998,2,2096.392,1,1,3,5,1,1.0,High Risk
TB-21190,987,4,816.174,1,1,1,3,1,1.0,High Risk
RE-19405,985,1,48.36,1,1,1,3,1,1.0,High Risk
PC-18745,983,4,1832.064,2,2,3,7,1,1.0,High Risk
AB-10600,934,4,1515.862,2,1,2,5,1,1.0,High Risk
LC-16960,929,4,3246.626,2,2,4,8,1,1.0,High Risk
TP-21565,923,4,1936.64,2,2,3,7,1,1.0,High Risk
DK-13090,922,7,2650.557,2,4,3,9,1,1.0,High Risk
KS-16300,909,3,88.472,2,1,1,4,1,1.0,High Risk
DC-13285,902,5,1174.618,2,2,2,6,1,1.0,High Risk
FP-14320,880,8,4046.746,2,4,4,10,1,1.0,High Risk
JK-16090,872,3,3747.668,2,1,4,7,1,0.995,High Risk
JB-16045,860,5,2518.115,2,2,3,7,1,1.0,High Risk
AJ-10780,845,7,4867.344,2,3,5,10,1,1.0,High Risk
VS-21820,839,4,1055.981,2,1,2,5,1,1.0,High Risk
JH-16180,838,4,2256.394,2,2,3,7,1,1.0,High Risk
BD-11560,833,2,320.54,2,1,1,4,1,1.0,High Risk
HD-14785,825,3,251.36,2,1,1,4,1,1.0,High Risk
MG-17695,824,3,1342.282,2,1,2,5,1,1.0,High Risk
AG-10495,824,8,2356.855,2,4,3,9,1,1.0,High Risk
NC-18415,823,6,2218.99,2,3,3,8,1,1.0,High Risk
LE-16810,820,6,1469.45,2,3,2,7,1,1.0,High Risk
PS-19045,819,7,6843.634,2,3,5,10,1,1.0,High Risk
LS-17230,816,3,368.88,2,1,1,4,1,1.0,High Risk
BV-11245,814,5,1523.273,2,2,2,6,1,1.0,High Risk
SC-20770,812,7,4492.657,2,4,5,11,1,1.0,High Risk
CH-12070,807,3,1537.236,2,1,2,5,1,1.0,High Risk
DB-13360,806,5,1081.466,2,3,2,7,1,1.0,High Risk
SA-20830,806,10,4767.3415,2,5,5,12,1,1.0,High Risk
SR-20740,800,8,4345.886,2,4,5,11,1,0.995,High Risk
RH-19600,800,3,2085.74,2,1,3,6,1,1.0,High Risk
RB-19435,800,8,2663.086,2,4,3,9,1,1.0,High Risk
IM-15070,798,7,4930.474,2,4,5,11,1,1.0,High Risk
AD-10180,798,8,6106.88,2,4,5,11,1,1.0,High Risk
VP-21730,797,3,993.902,2,1,2,5,1,1.0,High Risk
KM-16225,796,6,2260.958,2,3,3,8,1,1.0,High Risk
BT-11680,793,7,3196.752,2,4,4,10,1,1.0,High Risk
CB-12535,793,8,4246.4555,2,4,4,10,1,1.0,High Risk
KN-16450,793,5,2171.962,2,2,3,7,1,1.0,High Risk
MV-18190,792,7,1734.574,2,3,2,7,1,1.0,High Risk
ND-18370,789,9,4326.139,2,5,5,12,1,1.0,High Risk
VB-21745,785,6,2005.596,2,3,3,8,1,1.0,High Risk
TS-21085,783,2,4.833,2,1,1,4,1,1.0,High Risk
MS-17830,779,4,370.348,2,1,1,4,1,1.0,High Risk
RD-19930,777,4,970.942,2,1,2,5,1,1.0,High Risk
RB-19795,777,8,5633.316,2,4,5,11,1,1.0,High Risk
AS-10240,776,7,584.608,2,4,1,7,1,0.995,High Risk
PC-19000,770,2,1061.488,2,1,2,5,1,1.0,High Risk
Co-12640,769,5,1300.076,2,2,2,6,1,1.0,High Risk
DK-12985,769,5,1687.04,2,2,2,6,1,1.0,High Risk
MS-17980,765,6,855.116,2,3,1,6,1,1.0,High Risk
RP-19270,765,4,954.6452,2,1,1,4,1,1.0,High Risk
NS-18640,764,13,2964.823,2,5,4,11,1,1.0,High Risk
JK-15625,764,7,3760.028,2,4,4,10,1,1.0,High Risk
RD-19585,763,10,2912.894,2,5,4,11,1,1.0,High Risk
HR-14770,762,5,1299.288,2,2,2,6,1,1.0,High Risk
NP-18325,762,6,5529.62,2,3,5,10,1,1.0,High Risk
WB-21850,761,11,6160.102,2,5,5,12,1,1.0,High Risk
BW-11065,760,3,385.516,2,1,1,4,1,1.0,High Risk
EJ-13720,758,4,2162.174,2,2,3,7,1,1.0,High Risk
RE-19450,756,5,876.696,2,2,1,5,1,1.0,High Risk
TT-21265,756,3,439.5,2,1,1,4,1,1.0,High Risk
SM-20320,750,5,25043.05,2,2,5,9,1,0.995,High Risk
KN-16390,750,9,2617.272,2,5,3,10,1,1.0,High Risk
TD-20995,748,9,1434.548,2,5,2,9,1,1.0,High Risk
FH-14350,748,4,2271.284,2,2,3,7,1,1.0,High Risk
DO-13435,747,9,1300.0315,2,5,2,9,1,1.0,High Risk
MS-17710,747,6,1613.402,2,3,2,7,1,1.0,High Risk
EM-13810,747,5,2567.01,2,2,3,7,1,1.0,High Risk
NL-18310,746,4,1418.09,2,1,2,5,1,1.0,High Risk
TS-21370,743,6,11891.751,2,3,5,10,1,0.995,High Risk
AR-10510,740,5,264.864,2,2,1,5,1,1.0,High Risk
DR-12940,739,8,8350.868,2,4,5,11,1,1.0,High Risk
DB-13120,737,7,2973.094,2,4,4,10,1,1.0,High Risk
JH-15820,737,6,528.91,2,3,1,6,1,1.0,High Risk
CP-12085,737,8,5402.254,2,4,5,11,1,1.0,High Risk
AS-10630,737,7,833.398,2,3,1,6,1,1.0,High Risk
JC-16105,737,5,858.576,2,2,1,5,1,1.0,High Risk
MG-18145,737,4,3061.543,2,2,4,8,1,1.0,High Risk
JB-15400,737,10,1791.605,2,5,3,10,1,1.0,High Risk
CS-12355,736,11,3202.162,2,5,4,11,1,1.0,High Risk
SC-20440,736,7,1874.998,2,4,3,9,1,1.0,High Risk
DS-13180,736,9,2881.8128,2,5,4,11,1,1.0,High Risk
SP-20860,735,10,4282.94,2,5,4,11,1,1.0,High Risk
TW-21025,735,7,5278.826,2,4,5,11,1,1.0,High Risk
CA-12055,735,5,1679.724,2,2,2,6,1,1.0,High Risk
AG-10900,735,10,4510.797,2,5,5,12,1,1.0,High Risk
CC-12430,734,10,2870.05,2,5,4,11,1,1.0,High Risk
CK-12760,734,9,1582.109,2,5,2,9,1,1.0,High Risk
AT-10435,734,6,1171.814,2,3,2,7,1,1.0,High Risk
LO-17170,734,5,644.35,2,2,1,5,1,1.0,High Risk
BS-11590,734,6,2454.928,2,3,3,8,1,1.0,High Risk
BT-11305,734,5,2567.656,2,2,3,7,1,1.0,High Risk
SW-20455,734,7,2921.544,2,3,4,9,1,1.0,High Risk
CC-12610,733,7,2540.631,2,3,3,8,1,1.0,High Risk
TN-21040,733,7,3130.221,2,3,4,9,1,1.0,High Risk
LR-17035,733,5,1879.306,2,2,3,7,1,1.0,High Risk
CC-12145,733,7,2471.65,2,4,3,9,1,1.0,High Risk
HA-14920,733,8,2584.158,2,4,3,9,1,1.0,High Risk
AG-10525,733,4,1455.038,2,1,2,5,1,1.0,High Risk
VW-21775,732,10,6134.038,2,5,5,12,1,1.0,High Risk
NM-18520,732,10,2161.979,2,5,3,10,1,1.0,High Risk
BO-11425,730,2,130.83,2,1,1,4,1,1.0,High Risk
MC-17575,730,8,1303.893,2,4,2,8,1,1.0,High Risk
SN-20560,729,6,1860.418,2,3,3,8,1,1.0,High Risk
CC-12670,728,7,2269.7015,2,4,3,9,1,1.0,High Risk
PG-18895,728,9,1987.164,2,5,3,10,1,1.0,High Risk
JH-15910,727,7,959.477,2,3,1,6,1,1.0,High Risk
KD-16615,727,5,2243.51,2,2,3,7,1,1.0,High Risk
HG-14845,727,5,785.628,2,3,1,6,1,0.99,High Risk
CM-12385,726,4,8954.02,2,2,5,9,1,1.0,High Risk
CC-12685,726,4,2854.115,2,2,4,8,1,1.0,High Risk
NG-18355,725,5,1869.58,2,2,3,7,1,1.0,High Risk
NW-18400,725,7,7234.014,2,4,5,11,1,1.0,High Risk
BD-11500,724,6,4411.243,2,3,5,10,1,1.0,High Risk
PF-19120,723,4,9062.864,2,2,5,9,1,1.0,High Risk
DB-13405,723,4,1711.692,2,2,2,6,1,1.0,High Risk
LS-16975,723,9,2988.674,2,5,4,11,1,1.0,High Risk
GB-14530,722,11,1568.44,2,5,2,9,1,1.0,High Risk
CM-12190,722,6,1475.144,2,3,2,7,1,1.0,High Risk
KH-16630,722,9,3918.966,2,5,4,11,1,1.0,High Risk
AB-10060,722,8,7755.62,2,4,5,11,1,1.0,High Risk
TC-21535,721,7,742.558,2,4,1,7,1,0.995,High Risk
GW-14605,721,7,2189.019,2,4,3,9,1,1.0,High Risk
BG-11035,720,8,2798.948,2,4,4,10,1,1.0,High Risk
TP-21130,720,9,4454.056,2,5,5,12,1,1.0,High Risk
AG-10270,720,5,2582.898,2,2,3,7,1,1.0,High Risk
TC-20980,720,5,19052.218,2,2,5,9,1,0.995,High Risk
CS-12130,719,4,884.64,2,1,1,4,1,1.0,High Risk
TH-21550,719,7,4234.096,2,3,4,9,1,1.0,High Risk
CD-12790,719,5,1860.732,2,2,3,7,1,1.0,High Risk
SV-20815,719,4,1271.09,2,1,2,5,1,1.0,High Risk
GB-14575,719,5,4716.288,2,2,5,9,1,1.0,High Risk
DH-13675,719,4,1043.096,2,1,2,5,1,1.0,High Risk
FO-14305,718,10,2678.438,2,5,3,10,1,1.0,High Risk
ON-18715,716,9,1567.52,2,5,2,9,1,1.0,High Risk
ME-17725,716,8,1908.4532,2,4,3,9,1,1.0,High Risk
JF-15190,716,7,2279.586,2,4,3,9,1,1.0,High Risk
KM-16720,716,8,4909.472,2,4,5,11,1,1.0,High Risk
MB-17305,716,10,1548.702,2,5,2,9,1,1.0,High Risk
DE-13255,716,5,2550.874,2,2,3,7,1,1.0,High Risk
CM-11935,716,2,565.392,2,1,1,4,1,1.0,High Risk
SC-20680,716,6,1254.64,2,3,2,7,1,1.0,High Risk
DR-12880,715,9,6528.034,2,5,5,12,1,1.0,High Risk
DK-12895,715,5,4282.176,2,2,4,8,1,1.0,High Risk
PO-19195,715,5,1056.858,2,3,2,7,1,1.0,High Risk
EH-13990,715,6,825.95,2,3,1,6,1,1.0,High Risk
SB-20185,715,6,6410.996,2,3,5,10,1,1.0,High Risk
AM-10705,715,8,5664.022,2,4,5,11,1,1.0,High Risk
EB-13870,715,10,2767.219,2,5,4,11,1,1.0,High Risk
BM-11785,715,10,1338.842,2,5,2,9,1,1.0,High Risk
TB-21520,714,9,4737.486,2,5,5,12,1,1.0,High Risk
GM-14500,714,10,1255.682,2,5,2,9,1,1.0,High Risk
SC-20725,714,11,5226.21,2,5,5,12,1,1.0,High Risk
BS-11800,714,2,949.43,2,1,1,4,1,1.0,High Risk
PF-19165,714,6,2770.0,2,3,4,9,1,1.0,High Risk
SF-20200,714,9,3422.786,2,5,4,11,1,1.0,High Risk
RW-19540,714,7,7397.401,2,3,5,10,1,1.0,High Risk
JK-15205,713,5,4427.142,2,2,5,9,1,1.0,High Risk
SS-20140,713,8,1324.028,2,4,2,8,1,1.0,High Risk
RH-19510,713,6,6979.18,2,3,5,10,1,1.0,High Risk
HG-14965,712,12,3247.642,2,5,4,11,1,1.0,High Risk
ZC-21910,712,13,8025.707,3,5,5,13,1,0.99,High Risk
BD-11635,644,3,582.646,3,1,1,5,1,1.0,High Risk
JJ-15760,641,2,195.0,3,1,1,5,1,1.0,High Risk
PM-19135,630,4,4115.662,3,2,4,9,1,1.0,High Risk
DF-13135,623,3,2390.534,3,1,3,7,1,1.0,High Risk
EB-13975,580,4,1643.255,3,2,2,7,1,1.0,High Risk
PB-19210,576,2,132.738,3,1,1,5,1,1.0,High Risk
TZ-21580,565,4,1707.286,3,2,2,7,1,1.0,High Risk
BT-11485,547,2,415.196,3,1,1,5,1,1.0,High Risk
TB-21595,529,5,1387.559,3,2,2,7,1,1.0,High Risk
DJ-13420,525,4,2012.52,3,2,3,8,1,1.0,High Risk
TB-21175,515,4,3589.296,3,2,4,9,1,1.0,High Risk
SP-20920,514,6,3990.689,3,3,4,10,1,1.0,High Risk
SP-20545,506,6,1306.086,3,3,2,8,1,1.0,High Risk
EL-13735,505,2,124.28,3,1,1,5,1,1.0,High Risk
SM-20905,494,1,1043.041,3,1,2,6,1,0.99,High Risk
AH-10465,492,5,2495.3916,3,2,3,8,1,1.0,High Risk
PJ-18835,492,8,1220.09,3,4,2,9,1,1.0,High Risk
AF-10870,491,7,2052.908,3,4,3,10,1,1.0,High Risk
PS-18970,488,8,1278.639,3,4,2,9,1,1.0,High Risk
JR-15670,481,2,1156.658,3,1,2,6,1,1.0,High Risk
BT-11395,478,6,2186.613,3,3,3,9,1,1.0,High Risk
AS-10285,476,6,3214.236,3,3,4,10,1,1.0,High Risk
KC-16675,469,4,1146.05,3,1,2,6,1,1.0,High Risk
KB-16600,461,7,983.922,3,4,2,9,1,1.0,High Risk
ME-17320,460,10,10663.728,3,5,5,13,1,0.995,High Risk
RC-19825,460,6,966.409,3,3,2,8,1,1.0,High Risk
RS-19870,459,2,22.328,3,1,1,5,1,1.0,High Risk
BF-11215,457,4,1585.162,3,1,2,6,1,1.0,High Risk
MZ-17515,455,6,2564.906,3,3,3,9,1,1.0,High Risk
LS-17245,451,6,1008.136,3,3,2,8,1,1.0,High Risk
JL-15175,450,5,1571.523,3,2,2,7,1,1.0,High Risk
DM-13345,449,8,4074.472,3,4,4,11,1,1.0,High Risk
IG-15085,449,4,744.574,3,1,1,5,1,1.0,High Risk
LC-16885,449,12,7663.126,3,5,5,13,1,0.995,High Risk
SM-20005,443,4,244.494,3,1,1,5,1,1.0,High Risk
HL-15040,442,6,12873.298,3,3,5,11,1,1.0,High Risk
DH-13075,442,6,4932.872,3,3,5,11,1,1.0,High Risk
LD-16855,440,1,5.304,3,1,1,5,1,1.0,High Risk
JG-15805,440,6,1507.018,3,3,2,8,1,1.0,High Risk
GT-14755,433,4,226.436,3,1,1,5,1,1.0,High Risk
RM-19375,429,6,1453.474,3,3,2,8,1,1.0,High Risk
MJ-17740,429,7,6320.746,3,3,5,11,1,1.0,High Risk
LH-17155,426,9,1739.689,3,5,2,10,1,1.0,High Risk
KH-16690,424,7,5990.799,3,4,5,12,1,0.985,High Risk
JS-15880,422,5,3868.02,3,2,4,9,1,1.0,High Risk
AR-10570,422,1,88.15,3,1,1,5,1,1.0,High Risk
SW-20755,422,2,758.696,3,1,1,5,1,1.0,High Risk
MC-17425,420,5,4432.138,3,2,5,10,1,1.0,High Risk
AM-10360,420,5,814.012,3,2,1,6,1,1.0,High Risk
NP-18670,418,5,3908.402,3,2,4,9,1,1.0,High Risk
KH-16330,418,8,3312.864,3,4,4,11,1,1.0,High Risk
SV-20935,418,8,1903.491,3,4,3,10,1,1.0,High Risk
JS-16030,417,6,2516.494,3,3,3,9,1,1.0,High Risk
BP-11290,415,7,2475.157,3,4,3,10,1,1.0,High Risk
JG-15310,415,6,2240.58,3,3,3,9,1,1.0,High Risk
CJ-12010,414,8,11164.974,3,4,5,12,1,0.99,High Risk
NF-18475,413,4,377.162,3,1,1,5,1,1.0,High Risk
DB-12970,412,5,2839.2272,3,2,4,9,1,1.0,High Risk
KM-16375,411,8,5620.186,3,4,5,12,1,0.995,High Risk
CB-12415,411,8,1949.2,3,4,3,10,1,1.0,High Risk
MT-17815,411,6,2890.139,3,3,4,10,1,1.0,High Risk
LB-16735,411,3,50.188,3,1,1,5,1,1.0,High Risk
OT-18730,408,5,3818.624,3,2,4,9,1,1.0,High Risk
JO-15145,407,9,3254.949,3,5,4,12,1,1.0,High Risk
RH-19555,407,2,740.382,3,1,1,5,1,1.0,High Risk
KH-16360,406,6,3100.612,3,3,4,10,1,1.0,High Risk
RW-19630,406,9,3279.746,3,5,4,12,1,1.0,High Risk
KM-16660,404,5,453.538,3,2,1,6,1,1.0,High Risk
SG-20890,404,3,47.946,3,1,1,5,1,1.0,High Risk
AG-10330,402,5,660.972,3,2,1,6,1,1.0,High Risk
ML-17755,401,7,2071.914,3,4,3,10,1,1.0,High Risk
MF-17665,400,5,937.039,3,2,1,6,1,1.0,High Risk
LM-17065,399,5,1346.774,3,2,2,7,1,1.0,High Risk
AH-10690,399,12,7888.294,3,5,5,13,1,0.995,High Risk
CM-12655,397,6,6339.5576,3,3,5,11,1,1.0,High Risk
CS-12490,393,4,1077.2285,3,1,2,6,1,1.0,High Risk
CM-12235,393,5,2305.712,3,2,3,8,1,1.0,High Risk
DB-13270,393,8,4655.897,3,4,5,12,1,0.995,High Risk
EM-14065,392,4,228.99,3,1,1,5,1,1.0,High Risk
RF-19840,392,8,945.222,3,4,1,8,1,1.0,High Risk
TS-21160,392,6,2163.624,3,3,3,9,1,1.0,High Risk
HG-15025,392,7,3690.284,3,4,4,11,1,1.0,High Risk
CC-12370,390,5,12129.072,3,2,5,10,1,0.995,High Risk
AO-10810,389,1,161.28,3,1,1,5,1,1.0,High Risk
GG-14650,387,9,2224.0,3,5,3,11,1,1.0,High Risk
DW-13480,385,5,5271.628,3,2,5,10,1,1.0,High Risk
CR-12730,383,4,1600.55,3,2,2,7,1,1.0,High Risk
SG-20470,383,8,1884.798,3,4,3,10,1,1.0,High Risk
DD-13570,383,6,269.542,3,3,1,7,1,1.0,High Risk
TC-21475,383,9,1244.976,3,5,2,10,1,1.0,High Risk
DG-13300,383,5,3195.818,3,2,4,9,1,1.0,High Risk
TS-21430,379,5,2054.14,3,2,3,8,1,1.0,High Risk
SS-20515,379,3,613.4,3,1,1,5,1,1.0,High Risk
AA-10480,379,4,1790.512,3,2,3,8,1,1.0,High Risk
DK-13225,373,9,4802.394,3,5,5,13,1,1.0,High Risk
LB-16795,373,8,4985.676,3,4,5,12,1,0.995,High Risk
RL-19615,372,8,6234.91,3,4,5,12,1,0.99,High Risk
KD-16270,372,5,8282.358,3,2,5,10,1,1.0,High Risk
TG-21310,372,5,3058.372,3,2,4,9,1,1.0,High Risk
JE-15715,372,10,8697.843,3,5,5,13,1,0.995,High Risk
TA-21385,372,4,14595.62,3,2,5,10,1,0.995,High Risk
RD-19810,372,8,1137.616,3,4,2,9,1,1.0,High Risk
LR-16915,372,6,5142.892,3,3,5,11,1,1.0,High Risk
SS-20590,372,6,418.49,3,3,1,7,1,1.0,High Risk
CY-12745,371,8,2900.026,3,4,4,11,1,1.0,High Risk
HF-14995,371,7,2533.164,3,3,3,9,1,1.0,High Risk
PK-18910,371,2,1441.152,3,1,2,6,1,1.0,High Risk
RB-19570,371,5,528.546,3,2,1,6,1,1.0,High Risk
JJ-15445,371,5,709.178,3,3,1,7,1,0.995,High Risk
MH-17620,371,4,1252.8,3,1,2,6,1,1.0,High Risk
FM-14215,371,10,2456.638,3,5,3,11,1,1.0,High Risk
CS-11950,371,11,3036.547,3,5,4,12,1,1.0,High Risk
JP-15520,370,7,3635.594,3,3,4,10,1,1.0,High Risk
AA-10645,370,6,5086.935,3,3,5,11,1,1.0,High Risk
CV-12295,370,5,2830.628,3,2,4,9,1,1.0,High Risk
DL-13315,370,8,1458.258,3,4,2,9,1,1.0,High Risk
RP-19855,370,8,2170.716,3,4,3,10,1,1.0,High Risk
IL-15100,370,7,5040.736,3,3,5,11,1,1.0,High Risk
IM-15055,370,3,2872.63,3,1,4,8,1,0.995,High Risk
MB-18085,370,7,1428.231,3,3,2,8,1,1.0,High Risk
DM-13015,369,7,6345.103,3,3,5,11,1,1.0,High Risk
FW-14395,369,3,79.75,3,1,1,5,1,1.0,High Risk
DM-13525,369,3,1376.792,3,1,2,6,1,1.0,High Risk
PK-19075,369,12,8646.934,3,5,5,13,1,1.0,High Risk
EM-13825,369,8,2339.598,3,4,3,10,1,1.0,High Risk
AR-10825,369,8,4523.336,3,4,5,12,1,0.995,High Risk
MM-17920,369,11,3794.08,3,5,4,12,1,1.0,High Risk
DB-13210,369,10,2332.577,3,5,3,11,1,1.0,High Risk
MV-17485,369,9,1560.05,3,5,2,10,1,1.0,High Risk
ML-17395,369,9,2722.843,3,5,3,11,1,1.0,High Risk
BE-11455,369,6,1727.652,3,3,2,8,1,1.0,High Risk
PT-19090,369,4,160.572,3,1,1,5,1,1.0,High Risk
MD-17350,369,7,3766.382,3,4,4,11,1,1.0,High Risk
GH-14410,369,9,2819.467,3,5,4,12,1,1.0,High Risk
JD-15895,369,11,7610.864,3,5,5,13,1,1.0,High Risk
SU-20665,369,7,2595.364,3,3,3,9,1,1.0,High Risk
JH-15985,369,6,7954.998,3,3,5,11,1,1.0,High Risk
BG-11740,368,6,1006.356,3,3,2,8,1,1.0,High Risk
ER-13855,368,3,1245.788,3,1,2,6,1,1.0,High Risk
YC-21895,368,5,5454.35,3,2,5,10,1,1.0,High Risk
KB-16315,368,9,1569.464,3,5,2,10,1,1.0,High Risk
MO-17500,368,4,922.487,3,1,1,5,1,1.0,High Risk
MG-17875,366,5,1242.833,3,2,2,7,1,1.0,High Risk
PJ-19015,366,7,1824.234,3,4,3,10,1,1.0,High Risk
KB-16585,366,12,2744.742,3,5,3,11,1,0.995,High Risk
AG-10675,366,7,3489.0396,3,3,4,10,1,1.0,High Risk
VM-21685,366,7,2454.866,3,4,3,10,1,1.0,High Risk
AP-10720,366,8,1638.554,3,4,2,9,1,1.0,High Risk
LP-17095,366,7,3653.399,3,4,4,11,1,1.0,High Risk
JM-15580,366,5,303.948,3,2,1,6,1,1.0,High Risk
TR-21325,366,5,675.942,3,2,1,6,1,1.0,High Risk
SE-20110,366,11,12209.438,3,5,5,13,1,0.98,High Risk
DB-12910,365,8,2171.599,3,4,3,10,1,1.0,High Risk
TS-21610,365,7,2820.424,3,4,4,11,1,1.0,High Risk
AT-10735,365,10,3831.864,3,5,4,12,1,1.0,High Risk
CG-12040,364,6,904.468,3,3,1,7,1,1.0,High Risk
DV-13465,364,6,3341.587,3,3,4,10,1,1.0,High Risk
BD-11770,364,6,658.466,3,3,1,7,1,1.0,High Risk
GD-14590,363,4,1888.07,4,2,3,9,1,0.99,High Risk
LC-16930,363,8,4492.946,4,4,5,13,1,0.975,High Risk
NZ-18565,363,9,2488.31,4,5,3,12,1,0.985,High Risk
TB-21625,363,9,2797.668,4,5,4,13,1,0.99,High Risk
JF-15565,363,8,4198.332,4,4,4,12,1,0.965,High Risk
AJ-10795,362,7,4501.391,4,4,5,13,1,0.96,High Risk
PO-19180,362,9,4893.043,4,5,5,14,1,1.0,High Risk
BP-11185,362,9,3675.861,4,5,4,13,1,0.97,High Risk
MC-17590,362,6,2426.067,4,3,3,10,1,0.985,High Risk
PN-18775,360,8,1467.152,4,4,2,10,1,0.98,High Risk
AH-10585,359,4,738.504,4,1,1,6,1,0.985,High Risk
JD-16150,359,8,8828.0305,4,4,5,13,1,0.98,High Risk
CR-12625,358,3,475.9,4,1,1,6,1,0.975,High Risk
BC-11125,358,9,2933.676,4,5,4,13,1,0.995,High Risk
CS-12505,357,6,5690.055,4,3,5,12,1,0.985,High Risk
PO-18865,357,7,2493.214,4,4,3,11,1,0.99,High Risk
JS-15685,357,4,1131.064,4,1,2,7,1,0.985,High Risk
NB-18655,356,9,1972.599,4,5,3,12,1,0.985,High Risk
PO-18850,356,11,7473.8282,4,5,5,14,1,1.0,High Risk
MM-17260,356,4,1314.023,4,1,2,7,1,0.995,High Risk
HM-14980,356,4,736.276,4,1,1,6,1,0.985,High Risk
JW-15220,356,6,7721.714,4,3,5,12,1,0.98,High Risk
CK-12595,355,11,2372.75,4,5,3,12,1,0.98,High Risk
SW-20245,355,7,1085.078,4,3,2,9,1,0.985,High Risk
FH-14275,355,10,4256.272,4,5,4,13,1,0.975,High Risk
EH-14125,355,10,3082.653,4,5,4,13,1,0.99,High Risk
SD-20485,355,9,6121.114,4,5,5,14,1,1.0,High Risk
HA-14905,354,7,2163.3,4,3,3,10,1,0.975,High Risk
HJ-14875,354,5,358.1,4,2,1,7,1,0.96,High Risk
EN-13780,354,4,2199.366,4,2,3,9,1,0.985,High Risk
NP-18685,352,6,1228.698,4,3,2,9,1,0.97,High Risk
AC-10450,352,7,5527.846,4,4,5,13,1,0.98,High Risk
PW-19240,352,7,3922.415,4,3,4,11,1,0.985,High Risk
CS-12250,352,12,2754.216,4,5,3,12,1,0.975,High Risk
AC-10660,352,5,657.316,4,2,1,7,1,0.965,High Risk
RC-19960,352,6,885.752,4,3,1,8,1,0.975,High Risk
CM-11815,351,6,1673.888,4,3,2,9,1,0.98,High Risk
DV-13045,351,5,1119.483,4,3,2,9,1,0.995,High Risk
CR-12580,351,4,2148.852,4,2,3,9,1,0.985,High Risk
DP-13105,351,8,2215.002,4,4,3,11,1,0.995,High Risk
JS-15940,351,5,469.169,4,2,1,7,1,0.97,High Risk
KL-16555,351,8,5016.488,4,4,5,13,1,0.975,High Risk
MK-17905,350,8,2302.368,4,4,3,11,1,0.995,High Risk
EB-13750,350,10,3236.314,4,5,4,13,1,0.985,High Risk
EH-13765,350,12,10310.88,4,5,5,14,1,0.98,High Risk
LA-16780,350,11,8673.222,4,5,5,14,1,1.0,High Risk
BP-11230,350,5,1181.49,4,2,2,8,1,0.985,High Risk
CL-12700,350,5,2353.586,4,2,3,9,1,0.98,High Risk
TS-21505,349,6,2243.274,4,3,3,10,1,0.985,High Risk
AB-10105,349,10,14473.571,4,5,5,14,1,0.96,High Risk
JW-16075,349,4,1428.731,4,1,2,7,1,0.99,High Risk
DL-12865,349,8,1503.112,4,4,2,10,1,0.98,High Risk
NH-18610,349,7,2673.29,4,4,3,11,1,0.985,High Risk
KE-16420,349,8,1686.7312,4,4,2,10,1,0.985,High Risk
SC-20695,349,10,2576.408,4,5,3,12,1,0.97,High Risk
CS-12175,348,5,844.458,4,2,1,7,1,0.965,High Risk
SC-20380,348,9,5992.536,4,5,5,14,1,1.0,High Risk
DW-13585,348,7,1204.854,4,4,2,10,1,0.98,High Risk
SN-20710,348,7,3127.9592,4,3,4,11,1,0.97,High Risk
NF-18385,348,7,8322.826,4,4,5,13,1,0.985,High Risk
SH-19975,348,13,3406.8395,4,5,4,13,1,0.96,High Risk
CM-12445,348,3,287.99,4,1,1,6,1,0.945,High Risk
HM-14860,347,10,8236.7648,4,5,5,14,1,1.0,High Risk
JG-15160,347,11,6366.392,4,5,5,14,1,1.0,High Risk
BM-11650,347,11,7294.185,4,5,5,14,1,1.0,High Risk
MM-18280,346,9,775.414,4,5,1,10,1,0.945,High Risk
PS-18760,345,6,2181.479,4,3,3,10,1,0.99,High Risk
CC-12100,345,6,1770.945,4,3,3,10,1,0.97,High Risk
ML-17410,345,6,2921.5,4,3,4,11,1,0.975,High Risk
LS-16945,345,6,2845.27,4,3,4,11,1,0.975,High Risk
ES-14080,345,9,4657.924,4,5,5,14,1,0.995,High Risk
AR-10540,345,6,6608.448,4,3,5,12,1,0.975,High Risk
SJ-20215,344,6,1341.036,4,3,2,9,1,0.965,High Risk
GM-14680,344,6,3163.628,4,3,4,11,1,0.975,High Risk
CG-12520,305,3,1148.78,4,1,2,7,1,0.975,High Risk
JE-16165,278,3,2697.248,4,1,3,8,1,0.97,High Risk
GH-14485,275,2,1361.244,4,1,2,7,1,0.98,High Risk
CJ-11875,253,1,16.52,4,1,1,6,1,0.995,High Risk
CR-12820,204,3,1397.8724,4,1,2,7,1,0.99,High Risk
RM-19750,187,1,98.35,4,1,1,6,1,0.975,High Risk
BS-11380,181,5,3887.834,4,2,4,10,1,0.95,High Risk
BP-11050,175,5,983.42,4,3,2,9,1,0.94,High Risk
SW-20275,175,6,1966.65,4,3,3,10,1,0.97,High Risk
JK-15325,175,3,383.812,4,1,1,6,1,0.94,High Risk
CD-11980,175,3,639.766,4,1,1,6,1,0.965,High Risk
MZ-17335,167,4,593.606,4,1,1,6,1,0.95,High Risk
CM-12115,162,4,1661.61,4,2,2,8,1,0.97,High Risk
EG-13900,162,5,1832.02,4,2,3,9,1,0.99,High Risk
MG-18205,152,1,16.739,4,1,1,6,1,0.995,High Risk
SK-19990,139,3,883.409,4,1,1,6,1,0.97,High Risk
MK-18160,128,4,1031.602,4,1,2,7,1,0.935,High Risk
TS-21655,126,5,3368.094,4,2,4,10,1,0.94,High Risk
JF-15295,113,5,955.124,4,2,1,7,1,0.95,High Risk
CD-11920,106,5,2033.968,4,2,3,9,1,0.97,High Risk
JO-15550,103,5,1090.838,4,3,2,9,1,0.97,High Risk
KA-16525,102,7,1519.506,4,4,2,10,1,0.93,High Risk
LW-16990,97,6,3230.308,4,3,4,11,1,0.875,High Risk
ML-18040,97,3,742.082,4,1,1,6,1,0.88,High Risk
NC-18625,92,5,1821.742,4,2,3,9,1,0.9,High Risk
SC-20800,86,4,279.256,4,1,1,6,0,0.0,Low Risk
CC-12550,86,3,113.832,4,1,1,6,0,0.07,Low Risk
JE-15475,81,6,1388.682,4,3,2,9,0,0.01,Low Risk
PL-18925,79,5,239.481,4,2,1,7,0,0.005,Low Risk
MC-17635,77,4,795.154,4,1,1,6,0,0.01,Low Risk
FC-14335,72,7,3889.366,4,4,4,12,0,0.0,Low Risk
CS-12460,68,2,550.644,4,1,1,6,0,0.0,Low Risk
MO-17950,68,2,154.288,4,1,1,6,0,0.01,Low Risk
MP-17965,64,9,3983.642,4,5,4,13,0,0.01,Low Risk
HE-14800,63,4,883.532,4,1,1,6,0,0.01,Low Risk
JC-15385,63,1,1058.108,4,1,2,7,0,0.005,Low Risk
VF-21715,63,5,847.944,4,2,1,7,0,0.0,Low Risk
BP-11155,61,6,1697.861,4,3,2,9,0,0.0,Low Risk
BF-11275,61,3,791.99,4,1,1,6,0,0.005,Low Risk
MH-17455,58,8,2456.182,4,4,3,11,0,0.055,Low Risk
TC-21295,57,8,4266.812,4,4,4,12,0,0.01,Low Risk
SW-20350,50,3,1019.044,4,1,2,7,0,0.0,Low Risk
CS-11860,50,6,537.632,4,3,1,8,0,0.005,Low Risk
EB-13930,49,5,944.6,4,2,1,7,0,0.005,Low Risk
CP-12340,48,8,5888.275,4,4,5,13,0,0.0,Low Risk
MY-17380,48,7,2254.285,4,4,3,11,0,0.055,Low Risk
NM-18445,48,7,6459.344,4,4,5,13,0,0.025,Low Risk
AZ-10750,48,6,1622.018,4,3,2,9,0,0.0,Low Risk
HR-14830,47,7,5248.787,4,4,5,13,0,0.0,Low Risk
EM-14200,46,3,366.822,4,1,1,6,0,0.0,Low Risk
GM-14440,42,7,3582.82,4,3,4,11,0,0.005,Low Risk
EC-14050,40,5,461.914,4,2,1,7,0,0.0,Low Risk
HK-14890,39,8,4877.784,4,4,5,13,0,0.005,Low Risk
EM-13960,39,5,933.704,4,2,1,7,0,0.0,Low Risk
GA-14515,37,8,3919.776,4,4,4,12,0,0.0,Low Risk
SC-20230,37,4,4371.958,4,2,5,11,0,0.015,Low Risk
PW-19030,35,10,3454.916,4,5,4,13,0,0.02,Low Risk
TB-21355,34,5,834.328,4,2,1,7,0,0.0,Low Risk
GM-14455,34,6,3078.624,4,3,4,11,0,0.0,Low Risk
JW-15955,33,7,1244.086,4,4,2,10,0,0.0,Low Risk
FM-14380,33,9,2523.266,4,5,3,12,0,0.02,Low Risk
JL-15505,33,6,3173.874,4,3,4,11,0,0.005,Low Risk
CK-12205,33,13,3154.855,4,5,4,13,0,0.11,Low Risk
JK-15370,33,8,2709.632,4,4,3,11,0,0.025,Low Risk
JM-15250,26,6,3159.122,4,3,4,11,0,0.0,Low Risk
BO-11350,25,5,2682.728,4,2,3,9,0,0.005,Low Risk
AH-10120,23,7,1735.514,4,3,2,9,0,0.01,Low Risk
YS-21880,22,8,6720.444,4,4,5,13,0,0.005,Low Risk
TT-21460,20,7,5364.808,4,4,5,13,0,0.0,Low Risk
DL-13495,19,8,3539.322,4,4,4,12,0,0.0,Low Risk
SC-20845,19,2,280.632,4,1,1,6,0,0.0,Low Risk
GT-14710,19,11,11820.12,4,5,5,14,0,0.03,Low Risk
TM-21490,18,3,1094.678,4,1,2,7,0,0.015,Low Risk
AH-10195,16,4,1587.452,4,1,2,7,0,0.06,Low Risk
GA-14725,15,11,1398.382,4,5,2,11,0,0.01,Low Risk
DP-13000,14,9,1050.636,4,5,2,11,0,0.035,Low Risk
AR-10405,13,5,2236.128,4,2,3,9,0,0.005,Low Risk
SC-20305,12,7,3979.065,4,3,4,11,0,0.035,Low Risk
MD-17860,11,5,1204.91,4,2,2,8,0,0.0,Low Risk
JF-15490,9,11,1082.918,4,5,2,11,0,0.025,Low Risk
AW-10930,9,7,2852.968,4,4,4,12,0,0.005,Low Risk
AJ-10945,9,7,1839.24,4,3,3,10,0,0.005,Low Risk
MS-17770,9,9,3144.678,4,5,4,13,0,0.065,Low Risk
BW-11110,9,8,4750.358,4,4,5,13,0,0.005,Low Risk
CK-12325,8,5,2945.321,5,2,4,11,0,0.0,Low Risk
SS-20875,8,5,964.636,5,2,2,9,0,0.0,Low Risk
JS-15595,7,4,1417.654,5,1,2,8,0,0.0,Low Risk
AW-10840,7,4,649.376,5,1,1,7,0,0.0,Low Risk
AC-10615,7,5,2537.686,5,2,3,10,0,0.0,Low Risk
JL-15235,7,5,2203.7,5,2,3,10,0,0.0,Low Risk
BE-11335,7,5,4204.676,5,2,4,11,0,0.0,Low Risk
LW-17215,7,7,5420.514,5,4,5,14,0,0.0,Low Risk
Dl-13600,7,5,755.602,5,3,1,9,0,0.0,Low Risk
JH-15430,1293,4,309.281,1,1,1,3,1,1.0,High Risk
AB-10015,1282,3,886.156,1,1,1,3,1,1.0,High Risk
MH-17440,1272,4,400.016,1,1,1,3,1,1.0,High Risk
EK-13795,1271,4,1303.478,1,1,2,4,1,1.0,High Risk
MP-18175,1261,9,5087.92,1,5,5,11,1,1.0,High Risk
AY-10555,1252,4,497.014,1,1,1,3,1,1.0,High Risk
GP-14740,1252,2,236.53,1,1,1,3,1,1.0,High Risk
JM-15655,1250,5,864.947,1,2,1,4,1,1.0,High Risk
PM-18940,1224,3,1405.402,1,1,2,4,1,1.0,High Risk
NC-18340,1224,5,2461.404,1,2,3,6,1,1.0,High Risk
HP-14815,1222,7,1990.314,1,3,3,7,1,1.0,High Risk
AH-10030,1215,7,1744.7,1,4,3,8,1,1.0,High Risk
MW-18235,1207,2,5253.876,1,1,5,7,1,0.99,High Risk
EB-13840,1198,5,4358.128,1,2,5,8,1,1.0,High Risk
QJ-19255,1196,9,6108.338,1,5,5,11,1,1.0,High Risk
MP-17470,1193,7,3206.132,1,3,4,8,1,1.0,High Risk
BT-11440,1193,4,603.876,1,1,1,3,1,1.0,High Risk
VT-21700,1191,2,1736.596,1,1,2,4,1,1.0,High Risk
SB-20170,1191,3,1348.02,1,1,2,4,1,1.0,High Risk
GT-14635,1191,3,9351.212,1,1,5,7,1,0.99,High Risk
SV-20785,1191,9,4105.305,1,5,4,10,1,1.0,High Risk
BH-11710,1188,8,6255.351,1,4,5,10,1,1.0,High Risk
CW-11905,1188,6,1136.592,1,3,2,6,1,1.0,High Risk
SR-20425,1183,5,3233.481,1,2,4,7,1,1.0,High Risk
GH-14425,1180,4,4172.846,1,2,4,7,1,1.0,High Risk
SC-20020,1177,5,3362.9636,1,2,4,7,1,1.0,High Risk
TB-21280,1175,6,2198.45,1,3,3,7,1,1.0,High Risk
BS-11665,1174,3,3288.11,1,1,4,6,1,0.995,High Risk
DL-13330,1174,4,585.02,1,1,1,3,1,1.0,High Risk
LP-17080,1173,4,756.606,1,1,1,3,1,1.0,High Risk
BD-11620,1167,6,1538.11,1,3,2,6,1,1.0,High Risk
LW-16825,1166,5,2238.061,1,2,3,6,1,1.0,High Risk
EH-13945,1165,8,684.171,1,4,1,6,1,0.995,High Risk
MC-17845,1162,7,3805.714,1,4,4,9,1,1.0,High Risk
EB-13705,1159,9,3644.978,1,5,4,10,1,1.0,High Risk
AH-10210,7,9,4805.344,5,5,5,15,0,0.0,Low Risk
RK-19300,7,3,1460.192,5,1,2,8,0,0.005,Low Risk
TB-21055,7,5,1467.881,5,2,2,9,0,0.0,Low Risk
MH-17290,7,6,2394.025,5,3,3,11,0,0.0,Low Risk
MC-18100,7,10,2218.98,5,5,3,13,0,0.0,Low Risk
MY-18295,6,11,4152.696,5,5,4,14,0,0.0,Low Risk
JK-15730,6,10,4867.2,5,5,5,15,0,0.0,Low Risk
AP-10915,6,10,3323.556,5,5,4,14,0,0.0,Low Risk
AG-10300,6,4,367.548,5,1,1,7,0,0.0,Low Risk
EP-13915,6,17,5478.0608,5,5,5,15,0,0.0,Low Risk
VM-21835,5,5,380.69,5,2,1,8,0,0.0,Low Risk
GM-14695,5,3,6049.966,5,1,5,11,0,0.0,Low Risk
JK-16120,5,10,2932.484,5,5,4,14,0,0.0,Low Risk
CV-12805,5,9,2370.3136,5,5,3,13,0,0.0,Low Risk
AB-10150,5,5,966.71,5,3,2,10,0,0.0,Low Risk
TH-21235,5,8,1022.201,5,4,2,11,0,0.0,Low Risk
KB-16405,5,3,908.821,5,1,1,7,0,0.0,Low Risk
DO-13645,5,7,1267.316,5,3,2,10,0,0.0,Low Risk
EJ-14155,5,5,2656.691,5,2,3,10,0,0.0,Low Risk
AS-10045,5,7,3050.692,5,4,4,13,0,0.0,Low Risk
RA-19285,5,9,2617.906,5,5,3,13,0,0.0,Low Risk
JD-15790,5,5,2152.352,5,2,3,10,0,0.0,Low Risk
HW-14935,5,8,9300.254,5,4,5,14,0,0.01,Low Risk
CS-12400,4,9,3651.8585,5,5,4,14,0,0.005,Low Risk
AG-10390,2,5,200.945,5,2,1,8,0,0.0,Low Risk
AA-10375,2,9,1056.39,5,5,2,12,0,0.0,Low Risk
RD-19660,2,5,2786.632,5,2,4,11,0,0.0,Low Risk
CB-12025,2,10,6076.139,5,5,5,15,0,0.0,Low Risk
PF-19225,2,5,2206.128,5,2,3,10,0,0.0,Low Risk
Dp-13240,2,11,7198.761,5,5,5,15,0,0.005,Low Risk
JM-16195,2,10,2833.926,5,5,4,14,0,0.0,Low Risk
JA-15970,2,8,6491.026,5,4,5,14,0,0.01,Low Risk
TG-21640,2,4,2074.661,5,2,3,10,0,0.0,Low Risk
JC-15340,2,4,71.263,5,1,1,7,0,0.025,Low Risk
RD-19900,2,9,3133.924,5,5,4,14,0,0.005,Low Risk
DM-12955,2,7,1322.034,5,4,2,11,0,0.005,Low Risk
FC-14245,1,7,3418.742,5,3,4,12,0,0.0,Low Risk
EB-14110,1,6,3071.126,5,3,4,12,0,0.0,Low Risk
MM-18055,1,8,2749.881,5,4,3,12,0,0.0,Low Risk
BF-11020,1,8,2888.506,5,4,4,13,0,0.0,Low Risk
RS-19765,1,8,4159.77,5,4,4,13,0,0.005,Low Risk
AR-10345,1,4,1055.694,5,1,2,8,0,0.0,Low Risk
DB-13555,1,7,3908.8028,5,3,4,12,0,0.0,Low Risk
EM-14095,1,4,1041.042,5,1,2,8,0,0.0,Low Risk
JB-16000,0,7,644.1188,5,4,1,10,0,0.0,Low Risk
DK-12835,0,12,3256.48,5,5,4,14,0,0.0,Low Risk
MC-17605,0,8,2258.192,5,4,3,12,0,0.0,Low Risk
KD-16495,0,12,8181.256,5,5,5,15,0,0.005,Low Risk
GK-14620,0,9,6497.27,5,5,5,15,0,0.01,Low Risk
SB-20290,0,7,8057.891,5,4,5,14,0,0.0,Low Risk
JD-16015,0,6,385.43,5,3,1,9,0,0.0,Low Risk
LC-17140,0,9,2633.582,5,5,3,13,0,0.0,Low Risk
SP-20620,0,9,5440.319,5,5,5,15,0,0.0,Low Risk
SO-20335,0,6,2602.5755,5,3,3,11,0,0.0,Low Risk
AI-10855,0,10,4375.786,5,5,5,15,0,0.0,Low Risk
LC-17050,0,5,2095.064,5,2,3,10,0,0.0,Low Risk
SH-20395,-1,10,2180.718,5,5,3,13,0,0.0,Low Risk
RW-19690,-1,5,3495.646,5,2,4,11,0,0.0,Low Risk
JF-15415,-2,6,2371.448,5,3,3,11,0,0.0,Low Risk
BF-11080,-3,3,272.95,5,1,1,7,0,0.0,Low Risk
JM-15865,-3,7,7625.076,5,4,5,14,0,0.0,Low Risk
DJ-13510,-3,8,2501.688,5,4,3,12,0,0.0,Low Risk
SG-20605,-4,6,3124.832,5,3,4,12,0,0.0,Low Risk
LT-17110,-5,8,2936.252,5,4,4,13,0,0.0,Low Risk
HZ-14950,-5,5,886.52,5,2,1,8,0,0.0,Low Risk
RB-19705,-5,4,2067.45,5,2,3,10,0,0.0,Low Risk
BB-11545,-6,9,6765.728,5,5,5,15,0,0.0,Low Risk
AB-10165,-6,8,1113.838,5,4,2,11,0,0.0,Low Risk
CL-11890,-6,4,1262.014,5,1,2,8,0,0.0,Low Risk
DB-13060,-6,7,4531.646,5,4,5,14,0,0.0,Low Risk
TC-21145,-6,1,1038.26,5,1,2,8,0,0.0,Low Risk
RD-19480,-6,8,4272.93,5,4,4,13,0,0.0,Low Risk
BB-10990,-7,5,744.34,5,3,1,9,0,0.0,Low Risk
JF-15355,-7,6,1911.844,5,3,3,11,0,0.0,Low Risk
EH-14185,-7,6,923.884,5,3,1,9,0,0.0,Low Risk
MO-17800,-8,8,1687.027,5,4,2,11,0,0.0,Low Risk
AS-10225,-8,5,4260.784,5,2,4,11,0,0.0,Low Risk
TP-21415,-8,5,5329.0048,5,2,5,12,0,0.0,Low Risk
PA-19060,-9,6,729.408,5,3,1,9,0,0.0,Low Risk
DC-12850,-9,9,3336.168,5,4,4,13,0,0.0,Low Risk
TM-21010,-9,8,2955.226,5,4,4,13,0,0.0,Low Risk
JM-15535,-10,7,1733.443,5,3,2,10,0,0.0,Low Risk
JR-16210,-10,5,2201.686,5,2,3,10,0,0.0,Low Risk
FG-14260,-10,7,1383.144,5,4,2,11,0,0.0,Low Risk
SV-20365,-11,10,11470.95,5,5,5,15,0,0.0,Low Risk
ML-18265,-12,2,162.232,5,1,1,7,0,0.0,Low Risk
RH-19495,-12,5,3621.376,5,2,4,11,0,0.0,Low Risk
KT-16480,-12,10,4642.0884,5,5,5,15,0,0.0,Low Risk
BM-11575,-12,6,808.162,5,3,1,9,0,0.0,Low Risk
EH-14005,-13,7,1219.53,5,4,2,11,0,0.0,Low Risk
CA-12265,-13,9,2648.2872,5,5,3,13,0,0.0,Low Risk
MG-17890,-13,9,776.384,5,5,1,11,0,0.01,Low Risk
PB-19105,-13,4,688.324,5,1,1,7,0,0.0,Low Risk
JE-15610,-13,7,7754.976,5,4,5,14,0,0.0,Low Risk
JE-15745,-13,13,6760.815,5,5,5,15,0,0.0,Low Risk
DW-13195,-13,6,1080.751,5,3,2,10,0,0.005,Low Risk
BK-11260,-13,6,659.138,5,3,1,9,0,0.0,Low Risk
LC-16870,-14,8,2580.704,5,4,3,12,0,0.0,Low Risk
BG-11695,-14,6,1874.172,5,3,3,11,0,0.0,Low Risk
BE-11410,-14,5,2261.438,5,2,3,10,0,0.0,Low Risk
DB-13660,-14,7,1155.202,5,4,2,11,0,0.0,Low Risk
BD-11320,-14,12,5718.521,5,5,5,15,0,0.005,Low Risk
BS-11755,-14,7,2562.382,5,3,3,11,0,0.0,Low Risk
DW-13540,-14,5,344.08,5,2,1,8,0,0.0,Low Risk
KN-16705,-14,8,2280.58,5,4,3,12,0,0.0,Low Risk
KB-16240,-15,7,3152.615,5,4,4,13,0,0.0,Low Risk
BD-11605,-15,7,3288.471,5,3,4,12,0,0.0,Low Risk
RO-19780,-15,7,3815.478,5,4,4,13,0,0.0,Low Risk
KC-16540,-15,4,3908.262,5,2,4,11,0,0.0,Low Risk
FA-14230,-15,7,2984.054,5,4,4,13,0,0.0,Low Risk
MH-18115,-15,9,5503.093,5,5,5,15,0,0.0,Low Risk
NK-18490,-15,7,572.048,5,4,1,10,0,0.0,Low Risk
BP-11095,-15,12,2442.044,5,5,3,13,0,0.005,Low Risk
PB-19150,-15,8,1456.95,5,4,2,11,0,0.0,Low Risk
CT-11995,-16,8,3241.898,5,4,4,13,0,0.0,Low Risk
LS-17200,-16,6,1010.256,5,3,2,10,0,0.0,Low Risk
RB-19360,-16,6,15117.339,5,3,5,13,0,0.02,Low Risk
KW-16435,-16,5,4416.52,5,2,5,12,0,0.0,Low Risk
CA-11965,-16,6,3789.7228,5,3,4,12,0,0.0,Low Risk
AH-10075,-16,10,3250.337,5,5,4,14,0,0.0,Low Risk
RA-19885,-17,7,3832.314,5,4,4,13,0,0.0,Low Risk
SJ-20125,-17,12,3949.656,5,5,4,14,0,0.0,Low Risk
SL-20155,-17,7,3053.012,5,4,4,13,0,0.0,Low Risk
DS-13030,-19,4,1762.213,5,2,3,10,0,0.005,Low Risk
SF-20965,-19,9,3336.535,5,5,4,14,0,0.0,Low Risk
BD-11725,-19,6,1526.5,5,3,2,10,0,0.0,Low Risk
CM-12160,-19,6,2533.314,5,3,3,11,0,0.0,Low Risk
MG-17680,-20,4,2350.188,5,2,3,10,0,0.0,Low Risk
JO-15280,-20,6,1934.272,5,3,3,11,0,0.0,Low Risk
SC-20575,-20,5,902.728,5,2,1,8,0,0.0,Low Risk
ME-18010,-20,4,1256.944,5,1,2,8,0,0.0,Low Risk
PG-18820,-20,13,3086.907,5,5,4,14,0,0.03,Low Risk
FH-14365,-20,8,6987.196,5,4,5,14,0,0.0,Low Risk
BT-11530,-21,5,2684.492,5,2,3,10,0,0.0,Low Risk
BF-10975,-21,7,599.798,5,4,1,10,0,0.0,Low Risk
SC-20050,-21,9,4624.572,5,5,5,15,0,0.0,Low Risk
CS-11845,-21,5,1278.954,5,2,2,9,0,0.005,Low Risk
CC-12475,-21,9,1659.438,5,5,2,12,0,0.0,Low Risk
PH-18790,-42,1,729.648,5,1,1,7,0,0.0,Low Risk
JR-15700,-44,1,863.88,5,1,1,7,0,0.0,Low Risk
CD-12280,-57,2,1205.584,5,1,2,8,0,0.0,Low Risk
AS-10135,-71,2,58.82,5,1,1,7,0,0.035,Low Risk
PB-18805,-87,3,740.356,5,1,1,7,0,0.0,Low Risk
RR-19315,-93,2,615.932,5,1,1,7,0,0.0,Low Risk
DJ-13630,-100,3,3356.398,5,1,4,10,0,0.0,Low Risk
SG-20080,-104,3,3406.581,5,1,4,10,0,0.0,Low Risk
RM-19675,-106,5,5979.096,5,2,5,12,0,0.0,Low Risk
NS-18505,-106,4,2575.863,5,2,3,10,0,0.0,Low Risk
GH-14665,-110,2,146.9408,5,1,1,7,0,0.0,Low Risk
